second_name,price,position,avg_points_per_game,image_url
Fernando de Jesus,6.8,4,0.7,https://resources.premierleague.com/premierleague/photos/players/110x140/p205651.png
dos Santos Magalhães,6.3,2,5.0,https://resources.premierleague.com/premierleague/photos/players/110x140/p226597.png
Havertz,8.3,4,5.2,https://resources.premierleague.com/premierleague/photos/players/110x140/p219847.png
Timber,5.5,2,3.2,https://resources.premierleague.com/premierleague/photos/players/110x140/p445122.png
Frello Filho,4.8,3,2.0,https://resources.premierleague.com/premierleague/photos/players/110x140/p85955.png
Kiwior,4.8,2,0.7,https://resources.premierleague.com/premierleague/photos/players/110x140/p440854.png
Martinelli Silva,7.0,3,4.4,https://resources.premierleague.com/premierleague/photos/players/110x140/p444145.png
Nwaneri,4.5,3,1.0,https://resources.premierleague.com/premierleague/photos/players/110x140/p499175.png
Ødegaard,8.2,3,2.3,https://resources.premierleague.com/premierleague/photos/players/110x140/p184029.png
Raya Martin,5.7,1,4.6,https://resources.premierleague.com/premierleague/photos/players/110x140/p154561.png
Rice,6.3,3,1.4,https://resources.premierleague.com/premierleague/photos/players/110x140/p204480.png
Saka,10.0,3,7.7,https://resources.premierleague.com/premierleague/photos/players/110x140/p223340.png
Saliba,6.0,2,2.4,https://resources.premierleague.com/premierleague/photos/players/110x140/p462424.png
Partey,5.0,3,3.1,https://resources.premierleague.com/premierleague/photos/players/110x140/p167199.png
Tierney,4.3,2,0.0,https://resources.premierleague.com/premierleague/photos/players/110x140/p192895.png
Takehiro,4.8,2,1.0,https://resources.premierleague.com/premierleague/photos/players/110x140/p223723.png
Trossard,6.9,3,3.2,https://resources.premierleague.com/premierleague/photos/players/110x140/p116216.png
White,6.3,2,3.5,https://resources.premierleague.com/premierleague/photos/players/110x140/p198869.png
Zinchenko,4.8,2,3.5,https://resources.premierleague.com/premierleague/photos/players/110x140/p206325.png
Murara Neto,4.3,1,3.5,https://resources.premierleague.com/premierleague/photos/players/110x140/p69752.png
Sterling,6.7,3,1.0,https://resources.premierleague.com/premierleague/photos/players/110x140/p103955.png
Calafiori,5.8,2,2.3,https://resources.premierleague.com/premierleague/photos/players/110x140/p466075.png
Lewis-Skelly,4.5,3,0.0,https://resources.premierleague.com/premierleague/photos/players/110x140/p499169.png
Merino,6.0,3,1.5,https://resources.premierleague.com/premierleague/photos/players/110x140/p195384.png
Oulad M'hand,4.5,3,0.0,https://resources.premierleague.com/premierleague/photos/players/110x140/p498046.png
Setford,4.5,1,0.0,https://resources.premierleague.com/premierleague/photos/players/110x140/p551221.png
Kacurri,4.0,2,0.0,https://resources.premierleague.com/premierleague/photos/players/110x140/p588793.png
Heaven,4.0,2,0.0,https://resources.premierleague.com/premierleague/photos/players/110x140/p606745.png
Kabia,4.5,3,0.0,https://resources.premierleague.com/premierleague/photos/players/110x140/p588796.png
Nichols,4.0,2,0.0,https://resources.premierleague.com/premierleague/photos/players/110x140/p499167.png
Butler-Oyedeji,4.5,4,0.0,https://resources.premierleague.com/premierleague/photos/players/110x140/p461025.png
Bailey,6.3,3,2.0,https://resources.premierleague.com/premierleague/photos/players/110x140/p215711.png
Barkley,5.2,3,1.4,https://resources.premierleague.com/premierleague/photos/players/110x140/p88894.png
Buendía Stati,5.3,3,1.0,https://resources.premierleague.com/premierleague/photos/players/110x140/p195546.png
Cash,4.4,2,2.8,https://resources.premierleague.com/premierleague/photos/players/110x140/p199796.png
Santos Silva,4.5,2,2.8,https://resources.premierleague.com/premierleague/photos/players/110x140/p165659.png
Digne,4.6,2,3.5,https://resources.premierleague.com/premierleague/photos/players/110x140/p101188.png
Durán,6.2,4,3.5,https://resources.premierleague.com/premierleague/photos/players/110x140/p476344.png
Gauci,4.0,1,0.0,https://resources.premierleague.com/premierleague/photos/players/110x140/p462492.png
Hause,4.0,2,0.0,https://resources.premierleague.com/premierleague/photos/players/110x140/p123354.png
Kamara,5.0,3,0.0,https://resources.premierleague.com/premierleague/photos/players/110x140/p226944.png
Konsa Ngoyo,4.5,2,2.4,https://resources.premierleague.com/premierleague/photos/players/110x140/p199798.png
Maatsen,4.8,2,1.0,https://resources.premierleague.com/premierleague/photos/players/110x140/p441302.png
Martínez Romero,5.0,1,3.5,https://resources.premierleague.com/premierleague/photos/players/110x140/p98980.png
McGinn,5.2,3,1.7,https://resources.premierleague.com/premierleague/photos/players/110x140/p122806.png
Mings,4.4,2,0.0,https://resources.premierleague.com/premierleague/photos/players/110x140/p149484.png
Nedeljković,4.0,2,1.0,https://resources.premierleague.com/premierleague/photos/players/110x140/p578545.png
Olsen,4.5,1,0.0,https://resources.premierleague.com/premierleague/photos/players/110x140/p111782.png
Torres,4.5,2,2.0,https://resources.premierleague.com/premierleague/photos/players/110x140/p244954.png
Ramsey,5.4,3,2.6,https://resources.premierleague.com/premierleague/photos/players/110x140/p232653.png
Rogers,5.4,3,4.2,https://resources.premierleague.com/premierleague/photos/players/110x140/p244850.png
Tielemans,5.5,3,3.8,https://resources.premierleague.com/premierleague/photos/players/110x140/p166989.png
Watkins,9.1,4,6.1,https://resources.premierleague.com/premierleague/photos/players/110x140/p178301.png
Onana,5.1,3,3.9,https://resources.premierleague.com/premierleague/photos/players/110x140/p449871.png
Philogene,5.3,3,0.6,https://resources.premierleague.com/premierleague/photos/players/110x140/p481624.png
Bogarde,4.0,2,1.0,https://resources.premierleague.com/premierleague/photos/players/110x140/p515597.png
Swinkels,4.0,2,0.0,https://resources.premierleague.com/premierleague/photos/players/110x140/p514287.png
Zych,4.0,1,0.0,https://resources.premierleague.com/premierleague/photos/players/110x140/p516159.png
Young,4.5,3,0.0,https://resources.premierleague.com/premierleague/photos/players/110x140/p537403.png
Aarons,4.3,2,0.0,https://resources.premierleague.com/premierleague/photos/players/110x140/p232980.png
Adams,4.9,3,0.0,https://resources.premierleague.com/premierleague/photos/players/110x140/p200785.png
Brooks,4.9,3,1.0,https://resources.premierleague.com/premierleague/photos/players/110x140/p111317.png
Christie,4.9,3,2.2,https://resources.premierleague.com/premierleague/photos/players/110x140/p158499.png
Cook,5.0,3,3.4,https://resources.premierleague.com/premierleague/photos/players/110x140/p155408.png
Ünal,5.4,4,1.0,https://resources.premierleague.com/premierleague/photos/players/110x140/p168636.png
Hill,4.0,2,0.0,https://resources.premierleague.com/premierleague/photos/players/110x140/p463981.png
Kerkez,4.4,2,2.1,https://resources.premierleague.com/premierleague/photos/players/110x140/p544877.png
Kluivert,5.3,3,2.9,https://resources.premierleague.com/premierleague/photos/players/110x140/p222683.png
Ouattara,5.0,3,2.9,https://resources.premierleague.com/premierleague/photos/players/110x140/p533463.png
Billing,4.8,3,1.0,https://resources.premierleague.com/premierleague/photos/players/110x140/p168991.png
Scott,4.8,3,1.4,https://resources.premierleague.com/premierleague/photos/players/110x140/p503139.png
Semenyo,5.6,3,4.1,https://resources.premierleague.com/premierleague/photos/players/110x140/p437730.png
Senesi,4.8,2,2.5,https://resources.premierleague.com/premierleague/photos/players/110x140/p221466.png
Sinisterra,5.0,3,2.4,https://resources.premierleague.com/premierleague/photos/players/110x140/p224995.png
Smith,4.5,2,1.9,https://resources.premierleague.com/premierleague/photos/players/110x140/p54469.png
Tavernier,5.5,3,3.4,https://resources.premierleague.com/premierleague/photos/players/110x140/p201658.png
Travers,4.4,1,2.0,https://resources.premierleague.com/premierleague/photos/players/110x140/p229600.png
Zabarnyi,4.4,2,2.2,https://resources.premierleague.com/premierleague/photos/players/110x140/p477580.png
Arrizabalaga,4.5,1,3.4,https://resources.premierleague.com/premierleague/photos/players/110x140/p109745.png
Huijsen,4.4,2,1.0,https://resources.premierleague.com/premierleague/photos/players/110x140/p554605.png
Araujo Zúñiga,4.5,2,1.2,https://resources.premierleague.com/premierleague/photos/players/110x140/p436893.png
Dennis,4.0,1,0.0,https://resources.premierleague.com/premierleague/photos/players/110x140/p444172.png
de Lima Barbosa,5.9,4,3.1,https://resources.premierleague.com/premierleague/photos/players/110x140/p444102.png
Ajer,4.5,2,0.9,https://resources.premierleague.com/premierleague/photos/players/110x140/p191866.png
Brierley,4.5,3,0.0,https://resources.premierleague.com/premierleague/photos/players/110x140/p494041.png
Collins,4.5,2,3.2,https://resources.premierleague.com/premierleague/photos/players/110x140/p432830.png
Damsgaard,5.0,3,3.4,https://resources.premierleague.com/premierleague/photos/players/110x140/p440089.png
Dasilva,4.8,3,0.0,https://resources.premierleague.com/premierleague/photos/players/110x140/p183656.png
Flekken,4.5,1,2.9,https://resources.premierleague.com/premierleague/photos/players/110x140/p118342.png
Henry,4.3,2,0.0,https://resources.premierleague.com/premierleague/photos/players/110x140/p194010.png
Hickey,4.4,2,0.0,https://resources.premierleague.com/premierleague/photos/players/110x140/p472713.png
Janelt,4.9,3,2.4,https://resources.premierleague.com/premierleague/photos/players/110x140/p204580.png
Jensen,5.3,3,3.0,https://resources.premierleague.com/premierleague/photos/players/110x140/p207283.png
Ji-soo,3.9,2,0.0,https://resources.premierleague.com/premierleague/photos/players/110x140/p570241.png
Konak,4.5,3,1.0,https://resources.premierleague.com/premierleague/photos/players/110x140/p628204.png
Lewis-Potter,5.0,3,2.4,https://resources.premierleague.com/premierleague/photos/players/110x140/p249231.png
Mbeumo,7.6,3,6.6,https://resources.premierleague.com/premierleague/photos/players/110x140/p446008.png
Mee,4.3,2,1.0,https://resources.premierleague.com/premierleague/photos/players/110x140/p51927.png
Nørgaard,4.8,3,2.5,https://resources.premierleague.com/premierleague/photos/players/110x140/p128295.png
Pinnock,4.5,2,2.5,https://resources.premierleague.com/premierleague/photos/players/110x140/p231065.png
Roerslev Rasmussen,4.4,2,1.1,https://resources.premierleague.com/premierleague/photos/players/110x140/p226956.png
Schade,5.3,3,2.0,https://resources.premierleague.com/premierleague/photos/players/110x140/p513418.png
Nascimento Rodrigues,5.9,4,0.0,https://resources.premierleague.com/premierleague/photos/players/110x140/p502500.png
Valdimarsson,4.0,1,0.0,https://resources.premierleague.com/premierleague/photos/players/110x140/p507433.png
Wissa,5.9,4,5.8,https://resources.premierleague.com/premierleague/photos/players/110x140/p216646.png
Yarmoliuk,4.4,3,1.0,https://resources.premierleague.com/premierleague/photos/players/110x140/p508395.png
Freitas Gouveia Carvalho,4.8,3,2.4,https://resources.premierleague.com/premierleague/photos/players/110x140/p244858.png
van den Berg,4.0,2,1.2,https://resources.premierleague.com/premierleague/photos/players/110x140/p444765.png
Trevitt,4.5,3,1.0,https://resources.premierleague.com/premierleague/photos/players/110x140/p591357.png
Nunes Fernandes Gomes,4.9,3,0.0,https://resources.premierleague.com/premierleague/photos/players/110x140/p626464.png
Meghoma,4.0,2,0.0,https://resources.premierleague.com/premierleague/photos/players/110x140/p499717.png
Yogane,4.5,3,0.0,https://resources.premierleague.com/premierleague/photos/players/110x140/p592662.png
Adingra,5.4,3,2.8,https://resources.premierleague.com/premierleague/photos/players/110x140/p535818.png
Baleba,5.0,3,3.4,https://resources.premierleague.com/premierleague/photos/players/110x140/p535301.png
Dunk,4.5,2,2.8,https://resources.premierleague.com/premierleague/photos/players/110x140/p83299.png
Enciso,5.4,3,1.0,https://resources.premierleague.com/premierleague/photos/players/110x140/p474120.png
Estupiñán,5.0,2,0.6,https://resources.premierleague.com/premierleague/photos/players/110x140/p204214.png
Ferguson,5.5,4,1.0,https://resources.premierleague.com/premierleague/photos/players/110x140/p487117.png
Hinshelwood,5.0,3,3.1,https://resources.premierleague.com/premierleague/photos/players/110x140/p532529.png
dos Santos de Paulo,4.4,2,2.3,https://resources.premierleague.com/premierleague/photos/players/110x140/p223434.png
Junqueira de Jesus,5.4,4,4.8,https://resources.premierleague.com/premierleague/photos/players/110x140/p475168.png
Lamptey,4.4,2,0.0,https://resources.premierleague.com/premierleague/photos/players/110x140/p232792.png
March,6.5,3,0.0,https://resources.premierleague.com/premierleague/photos/players/110x140/p109345.png
Milner,5.0,3,1.7,https://resources.premierleague.com/premierleague/photos/players/110x140/p15157.png
Minteh,5.4,3,3.0,https://resources.premierleague.com/premierleague/photos/players/110x140/p592031.png
Kaoru,6.6,3,4.0,https://resources.premierleague.com/premierleague/photos/players/110x140/p451340.png
Moder,4.4,3,0.0,https://resources.premierleague.com/premierleague/photos/players/110x140/p243505.png
Peupion,4.5,3,0.0,https://resources.premierleague.com/premierleague/photos/players/110x140/p491598.png
Steele,4.4,1,4.5,https://resources.premierleague.com/premierleague/photos/players/110x140/p49262.png
van Hecke,4.5,2,3.3,https://resources.premierleague.com/premierleague/photos/players/110x140/p469142.png
Veltman,4.5,2,4.0,https://resources.premierleague.com/premierleague/photos/players/110x140/p111478.png
Verbruggen,4.5,1,3.3,https://resources.premierleague.com/premierleague/photos/players/110x140/p489639.png
Webster,4.4,2,0.3,https://resources.premierleague.com/premierleague/photos/players/110x140/p110735.png
Welbeck,5.9,4,6.2,https://resources.premierleague.com/premierleague/photos/players/110x140/p50175.png
Wieffer,4.8,3,2.0,https://resources.premierleague.com/premierleague/photos/players/110x140/p467779.png
Gruda,5.4,3,1.0,https://resources.premierleague.com/premierleague/photos/players/110x140/p513433.png
Ayari,5.0,3,1.7,https://resources.premierleague.com/premierleague/photos/players/110x140/p509416.png
Rutter,5.5,3,4.4,https://resources.premierleague.com/premierleague/photos/players/110x140/p463067.png
Kadioglu,4.5,2,1.8,https://resources.premierleague.com/premierleague/photos/players/110x140/p231416.png
O'Riley,5.5,3,0.0,https://resources.premierleague.com/premierleague/photos/players/110x140/p219249.png
Samuels,4.0,2,0.0,https://resources.premierleague.com/premierleague/photos/players/110x140/p447720.png
Badiashile,4.3,2,1.0,https://resources.premierleague.com/premierleague/photos/players/110x140/p242880.png
Bergström,4.0,1,0.0,https://resources.premierleague.com/premierleague/photos/players/110x140/p482158.png
Bettinelli,4.0,1,0.0,https://resources.premierleague.com/premierleague/photos/players/110x140/p122074.png
Caicedo Corozo,4.9,3,2.8,https://resources.premierleague.com/premierleague/photos/players/110x140/p486672.png
Casadei,4.5,3,0.0,https://resources.premierleague.com/premierleague/photos/players/110x140/p505187.png
Chilwell,4.7,2,0.0,https://resources.premierleague.com/premierleague/photos/players/110x140/p172850.png
Chukwuemeka,4.8,3,0.0,https://resources.premierleague.com/premierleague/photos/players/110x140/p478912.png
Colwill,4.6,2,2.4,https://resources.premierleague.com/premierleague/photos/players/110x140/p460028.png
Cucurella Saseta,5.0,2,2.1,https://resources.premierleague.com/premierleague/photos/players/110x140/p179268.png
de Souza Eugênio,5.0,4,0.0,https://resources.premierleague.com/premierleague/photos/players/110x140/p617054.png
Dewsbury-Hall,5.6,3,1.0,https://resources.premierleague.com/premierleague/photos/players/110x140/p215413.png
Disasi,4.4,2,3.5,https://resources.premierleague.com/premierleague/photos/players/110x140/p220362.png
Fernández,4.9,3,1.9,https://resources.premierleague.com/premierleague/photos/players/110x140/p448047.png
Gusto,4.9,2,1.2,https://resources.premierleague.com/premierleague/photos/players/110x140/p482609.png
James,4.9,2,0.0,https://resources.premierleague.com/premierleague/photos/players/110x140/p225796.png
Kellyman,4.4,3,0.0,https://resources.premierleague.com/premierleague/photos/players/110x140/p549068.png
Lavia,4.5,3,1.3,https://resources.premierleague.com/premierleague/photos/players/110x140/p514356.png
Madueke,6.5,3,6.4,https://resources.premierleague.com/premierleague/photos/players/110x140/p248857.png
Guiu Paz,4.9,4,1.0,https://resources.premierleague.com/premierleague/photos/players/110x140/p499309.png
Mudryk,6.2,3,1.0,https://resources.premierleague.com/premierleague/photos/players/110x140/p465920.png
Jackson,7.9,4,6.0,https://resources.premierleague.com/premierleague/photos/players/110x140/p517052.png
Nkunku,6.0,3,1.8,https://resources.premierleague.com/premierleague/photos/players/110x140/p213198.png
Palmer,10.8,3,8.6,https://resources.premierleague.com/premierleague/photos/players/110x140/p244851.png
Palma Veiga,4.5,3,1.0,https://resources.premierleague.com/premierleague/photos/players/110x140/p551230.png
Sánchez,4.7,1,4.8,https://resources.premierleague.com/premierleague/photos/players/110x140/p215059.png
Adarabioyo,4.4,2,1.8,https://resources.premierleague.com/premierleague/photos/players/110x140/p109646.png
Fofana,4.5,2,1.6,https://resources.premierleague.com/premierleague/photos/players/110x140/p444463.png
Sancho,6.4,3,3.8,https://resources.premierleague.com/premierleague/photos/players/110x140/p209243.png
Lomba Neto,6.2,3,1.1,https://resources.premierleague.com/premierleague/photos/players/110x140/p247632.png
Jørgensen,4.3,1,0.0,https://resources.premierleague.com/premierleague/photos/players/110x140/p508479.png
Félix Sequeira,6.1,3,1.8,https://resources.premierleague.com/premierleague/photos/players/110x140/p428399.png
Nketiah,5.9,4,1.8,https://resources.premierleague.com/premierleague/photos/players/110x140/p205533.png
Chalobah,4.4,2,2.0,https://resources.premierleague.com/premierleague/photos/players/110x140/p180736.png
Doucouré,4.9,3,2.0,https://resources.premierleague.com/premierleague/photos/players/110x140/p438464.png
Richards,4.4,2,2.2,https://resources.premierleague.com/premierleague/photos/players/110x140/p427623.png
Riad Dnanou,4.3,2,1.0,https://resources.premierleague.com/premierleague/photos/players/110x140/p515621.png
Clyne,4.4,2,3.0,https://resources.premierleague.com/premierleague/photos/players/110x140/p57328.png
Eze,6.7,3,3.1,https://resources.premierleague.com/premierleague/photos/players/110x140/p232413.png
Guéhi,4.4,2,2.9,https://resources.premierleague.com/premierleague/photos/players/110x140/p209036.png
Henderson,4.5,1,3.0,https://resources.premierleague.com/premierleague/photos/players/110x140/p172649.png
Holding,4.3,2,0.0,https://resources.premierleague.com/premierleague/photos/players/110x140/p156074.png
Hughes,4.9,3,0.9,https://resources.premierleague.com/premierleague/photos/players/110x140/p108413.png
Kamada,5.2,3,1.5,https://resources.premierleague.com/premierleague/photos/players/110x140/p209400.png
Lerma Solís,4.8,3,1.3,https://resources.premierleague.com/premierleague/photos/players/110x140/p152551.png
Mateta,7.3,4,2.9,https://resources.premierleague.com/premierleague/photos/players/110x140/p231747.png
França de Oliveira,4.4,3,0.0,https://resources.premierleague.com/premierleague/photos/players/110x140/p536694.png
Matthews,4.0,1,0.0,https://resources.premierleague.com/premierleague/photos/players/110x140/p169593.png
Mitchell,4.9,2,2.2,https://resources.premierleague.com/premierleague/photos/players/110x140/p244723.png
Muñoz,4.8,2,2.0,https://resources.premierleague.com/premierleague/photos/players/110x140/p247348.png
Schlupp,4.8,3,1.0,https://resources.premierleague.com/premierleague/photos/players/110x140/p86417.png
Ward,4.3,2,0.0,https://resources.premierleague.com/premierleague/photos/players/110x140/p55494.png
Wharton,4.8,3,1.7,https://resources.premierleague.com/premierleague/photos/players/110x140/p496221.png
Turner,4.0,1,0.0,https://resources.premierleague.com/premierleague/photos/players/110x140/p224068.png
Sarr,5.8,3,1.4,https://resources.premierleague.com/premierleague/photos/players/110x140/p232185.png
Umeh-Chibueze,4.5,3,0.0,https://resources.premierleague.com/premierleague/photos/players/110x140/p574398.png
Devenny,4.5,3,0.0,https://resources.premierleague.com/premierleague/photos/players/110x140/p489706.png
Agbinone,4.5,3,1.0,https://resources.premierleague.com/premierleague/photos/players/110x140/p579075.png
Rodney,4.5,3,0.0,https://resources.premierleague.com/premierleague/photos/players/110x140/p530318.png
Lacroix,4.5,2,2.8,https://resources.premierleague.com/premierleague/photos/players/110x140/p437499.png
Kporha,4.0,2,0.0,https://resources.premierleague.com/premierleague/photos/players/110x140/p590012.png
Broja,5.4,4,0.0,https://resources.premierleague.com/premierleague/photos/players/110x140/p440323.png
Doucouré,5.2,3,2.0,https://resources.premierleague.com/premierleague/photos/players/110x140/p121599.png
Gomes Betuncal,5.0,4,1.0,https://resources.premierleague.com/premierleague/photos/players/110x140/p486385.png
Branthwaite,4.8,2,2.0,https://resources.premierleague.com/premierleague/photos/players/110x140/p480455.png
Calvert-Lewin,6.0,4,3.6,https://resources.premierleague.com/premierleague/photos/players/110x140/p177815.png
Coleman,4.3,2,1.0,https://resources.premierleague.com/premierleague/photos/players/110x140/p59949.png
Gueye,4.9,3,1.9,https://resources.premierleague.com/premierleague/photos/players/110x140/p80801.png
Garner,5.0,3,1.8,https://resources.premierleague.com/premierleague/photos/players/110x140/p232928.png
Harrison,5.3,3,2.2,https://resources.premierleague.com/premierleague/photos/players/110x140/p221399.png
Iroegbunam,4.5,3,1.3,https://resources.premierleague.com/premierleague/photos/players/110x140/p490094.png
Neves Virgínia,4.0,1,0.0,https://resources.premierleague.com/premierleague/photos/players/110x140/p222627.png
Keane,4.1,2,4.1,https://resources.premierleague.com/premierleague/photos/players/110x140/p106611.png
McNeil,5.8,3,5.9,https://resources.premierleague.com/premierleague/photos/players/110x140/p433154.png
Mykolenko,4.3,2,2.0,https://resources.premierleague.com/premierleague/photos/players/110x140/p224967.png
Ndiaye,5.4,4,3.4,https://resources.premierleague.com/premierleague/photos/players/110x140/p440993.png
Patterson,4.4,2,0.0,https://resources.premierleague.com/premierleague/photos/players/110x140/p243571.png
Pickford,4.8,1,3.9,https://resources.premierleague.com/premierleague/photos/players/110x140/p111234.png
Tarkowski,4.8,2,2.5,https://resources.premierleague.com/premierleague/photos/players/110x140/p17761.png
Ramalho Chermiti,4.9,4,0.0,https://resources.premierleague.com/premierleague/photos/players/110x140/p491012.png
Young,4.5,2,3.5,https://resources.premierleague.com/premierleague/photos/players/110x140/p18892.png
Lindstrøm,5.2,3,1.5,https://resources.premierleague.com/premierleague/photos/players/110x140/p463903.png
O'Brien,4.7,2,0.0,https://resources.premierleague.com/premierleague/photos/players/110x140/p512462.png
Armstrong,4.5,3,1.0,https://resources.premierleague.com/premierleague/photos/players/110x140/p609873.png
Begovic,4.0,1,0.0,https://resources.premierleague.com/premierleague/photos/players/110x140/p40349.png
Dixon,4.0,2,0.0,https://resources.premierleague.com/premierleague/photos/players/110x140/p496178.png
Mangala,5.0,3,1.4,https://resources.premierleague.com/premierleague/photos/players/110x140/p179519.png
Nelson,5.0,3,2.3,https://resources.premierleague.com/premierleague/photos/players/110x140/p200641.png
Smith Rowe,5.7,3,4.4,https://resources.premierleague.com/premierleague/photos/players/110x140/p209289.png
Andersen,4.3,2,1.8,https://resources.premierleague.com/premierleague/photos/players/110x140/p174874.png
Traoré,5.1,3,3.8,https://resources.premierleague.com/premierleague/photos/players/110x140/p159533.png
Hoelgebaum Pereira,5.3,3,2.9,https://resources.premierleague.com/premierleague/photos/players/110x140/p156689.png
Bassey,4.5,2,1.9,https://resources.premierleague.com/premierleague/photos/players/110x140/p232892.png
Benda,4.0,1,0.0,https://resources.premierleague.com/premierleague/photos/players/110x140/p428971.png
Cairney,4.8,3,0.7,https://resources.premierleague.com/premierleague/photos/players/110x140/p76357.png
Castagne,4.2,2,1.0,https://resources.premierleague.com/premierleague/photos/players/110x140/p166477.png
Diop,4.5,2,1.0,https://resources.premierleague.com/premierleague/photos/players/110x140/p219924.png
Iwobi,5.5,3,3.6,https://resources.premierleague.com/premierleague/photos/players/110x140/p153133.png
Leno,5.0,1,3.1,https://resources.premierleague.com/premierleague/photos/players/110x140/p80201.png
Lukić,4.9,3,1.6,https://resources.premierleague.com/premierleague/photos/players/110x140/p212314.png
Muniz Carvalho,5.7,4,2.6,https://resources.premierleague.com/premierleague/photos/players/110x140/p244042.png
Jiménez,5.7,4,4.9,https://resources.premierleague.com/premierleague/photos/players/110x140/p102057.png
Reed,4.8,3,0.7,https://resources.premierleague.com/premierleague/photos/players/110x140/p153366.png
Robinson,4.7,2,3.2,https://resources.premierleague.com/premierleague/photos/players/110x140/p169528.png
Tete,4.5,2,2.0,https://resources.premierleague.com/premierleague/photos/players/110x140/p167074.png
Alves Morais,5.0,4,0.0,https://resources.premierleague.com/premierleague/photos/players/110x140/p245824.png
Wilson,5.3,3,0.8,https://resources.premierleague.com/premierleague/photos/players/110x140/p153682.png
Sessegnon,4.3,2,0.0,https://resources.premierleague.com/premierleague/photos/players/110x140/p184349.png
Cuenca Barreno,4.4,2,0.0,https://resources.premierleague.com/premierleague/photos/players/110x140/p246301.png
King,4.5,3,0.0,https://resources.premierleague.com/premierleague/photos/players/110x140/p577725.png
Godo,4.5,3,0.0,https://resources.premierleague.com/premierleague/photos/players/110x140/p573062.png
Berge,5.0,3,1.3,https://resources.premierleague.com/premierleague/photos/players/110x140/p207189.png
Al-Hamadi,4.9,4,0.3,https://resources.premierleague.com/premierleague/photos/players/110x140/p462387.png
Broadhead,4.9,3,0.0,https://resources.premierleague.com/premierleague/photos/players/110x140/p173818.png
Burgess,3.9,2,1.0,https://resources.premierleague.com/premierleague/photos/players/110x140/p122411.png
Burns,4.9,3,1.3,https://resources.premierleague.com/premierleague/photos/players/110x140/p149929.png
Chaplin,5.2,3,1.1,https://resources.premierleague.com/premierleague/photos/players/110x140/p196411.png
Clarke,4.0,2,1.0,https://resources.premierleague.com/premierleague/photos/players/110x140/p232228.png
Davis,4.5,2,2.4,https://resources.premierleague.com/premierleague/photos/players/110x140/p455084.png
Delap,5.7,4,4.1,https://resources.premierleague.com/premierleague/photos/players/110x140/p463034.png
Greaves,4.1,2,1.6,https://resources.premierleague.com/premierleague/photos/players/110x140/p449429.png
Hirst,5.4,4,1.0,https://resources.premierleague.com/premierleague/photos/players/110x140/p222625.png
Giraud-Hutchinson,5.3,3,2.2,https://resources.premierleague.com/premierleague/photos/players/110x140/p503301.png
Johnson,4.0,2,1.0,https://resources.premierleague.com/premierleague/photos/players/110x140/p222018.png
Luongo,4.5,3,1.5,https://resources.premierleague.com/premierleague/photos/players/110x140/p106606.png
Morsy,4.9,3,2.5,https://resources.premierleague.com/premierleague/photos/players/110x140/p74944.png
Slicker,4.0,1,0.0,https://resources.premierleague.com/premierleague/photos/players/110x140/p434044.png
Taylor,4.8,3,0.7,https://resources.premierleague.com/premierleague/photos/players/110x140/p231899.png
Tuanzebe,4.0,2,1.8,https://resources.premierleague.com/premierleague/photos/players/110x140/p180804.png
Walton,4.4,1,2.0,https://resources.premierleague.com/premierleague/photos/players/110x140/p108813.png
Woolfenden,4.0,2,0.8,https://resources.premierleague.com/premierleague/photos/players/110x140/p220583.png
Phillips,4.9,3,2.0,https://resources.premierleague.com/premierleague/photos/players/110x140/p155405.png
Muric,4.4,1,3.1,https://resources.premierleague.com/premierleague/photos/players/110x140/p232917.png
Townsend,4.0,2,0.0,https://resources.premierleague.com/premierleague/photos/players/110x140/p108053.png
Szmodics,5.8,3,1.9,https://resources.premierleague.com/premierleague/photos/players/110x140/p172453.png
Cajuste,4.5,3,1.5,https://resources.premierleague.com/premierleague/photos/players/110x140/p454667.png
O'Shea,4.0,2,2.0,https://resources.premierleague.com/premierleague/photos/players/110x140/p216616.png
Clarke,5.5,3,1.8,https://resources.premierleague.com/premierleague/photos/players/110x140/p443261.png
Ogbene,5.0,3,1.5,https://resources.premierleague.com/premierleague/photos/players/110x140/p229164.png
Buonanotte,5.0,3,4.9,https://resources.premierleague.com/premierleague/photos/players/110x140/p536916.png
Ayew,5.2,3,1.9,https://resources.premierleague.com/premierleague/photos/players/110x140/p80146.png
Edouard,5.3,4,1.2,https://resources.premierleague.com/premierleague/photos/players/110x140/p199670.png
Soumaré,4.4,3,0.5,https://resources.premierleague.com/premierleague/photos/players/110x140/p225902.png
Choudhury,4.4,3,1.0,https://resources.premierleague.com/premierleague/photos/players/110x140/p197469.png
Coady,4.0,2,0.0,https://resources.premierleague.com/premierleague/photos/players/110x140/p94147.png
Daka,4.8,4,0.0,https://resources.premierleague.com/premierleague/photos/players/110x140/p245419.png
De Cordova-Reid,5.2,3,1.3,https://resources.premierleague.com/premierleague/photos/players/110x140/p96994.png
Faes,4.2,2,2.4,https://resources.premierleague.com/premierleague/photos/players/110x140/p218218.png
Golding,4.4,3,0.0,https://resources.premierleague.com/premierleague/photos/players/110x140/p549640.png
Hermansen,4.5,1,3.0,https://resources.premierleague.com/premierleague/photos/players/110x140/p467189.png
Iversen,4.0,1,0.0,https://resources.premierleague.com/premierleague/photos/players/110x140/p207270.png
Justin,4.6,2,3.8,https://resources.premierleague.com/premierleague/photos/players/110x140/p220627.png
Kristiansen,4.5,2,1.5,https://resources.premierleague.com/premierleague/photos/players/110x140/p481510.png
Mavididi,5.3,3,3.4,https://resources.premierleague.com/premierleague/photos/players/110x140/p154048.png
McAteer,4.8,3,1.0,https://resources.premierleague.com/premierleague/photos/players/110x140/p461587.png
Ndidi,5.0,3,3.1,https://resources.premierleague.com/premierleague/photos/players/110x140/p203341.png
Okoli,4.0,2,2.0,https://resources.premierleague.com/premierleague/photos/players/110x140/p473341.png
Barbosa Pereira,4.3,2,0.0,https://resources.premierleague.com/premierleague/photos/players/110x140/p111931.png
Stolarczyk,4.0,1,0.0,https://resources.premierleague.com/premierleague/photos/players/110x140/p436680.png
Thomas,3.9,2,0.0,https://resources.premierleague.com/premierleague/photos/players/110x140/p244619.png
Vardy,5.7,4,3.8,https://resources.premierleague.com/premierleague/photos/players/110x140/p101668.png
Vestergaard,4.0,2,1.0,https://resources.premierleague.com/premierleague/photos/players/110x140/p93100.png
Ward,4.0,1,0.0,https://resources.premierleague.com/premierleague/photos/players/110x140/p95463.png
Winks,4.5,3,2.0,https://resources.premierleague.com/premierleague/photos/players/110x140/p157668.png
Skipp,4.9,3,1.5,https://resources.premierleague.com/premierleague/photos/players/110x140/p209042.png
Fatawu,5.4,3,2.5,https://resources.premierleague.com/premierleague/photos/players/110x140/p531442.png
Alves,4.5,3,0.0,https://resources.premierleague.com/premierleague/photos/players/110x140/p532534.png
El Khannouss,4.9,3,1.2,https://resources.premierleague.com/premierleague/photos/players/110x140/p513527.png
Ramses Becker,5.4,1,5.8,https://resources.premierleague.com/premierleague/photos/players/110x140/p116535.png
Alexander-Arnold,7.1,2,5.4,https://resources.premierleague.com/premierleague/photos/players/110x140/p169187.png
Bradley,4.7,2,1.0,https://resources.premierleague.com/premierleague/photos/players/110x140/p492777.png
Núñez Ribeiro,7.1,4,2.0,https://resources.premierleague.com/premierleague/photos/players/110x140/p447203.png
Teixeira da Silva,7.4,3,5.0,https://resources.premierleague.com/premierleague/photos/players/110x140/p194634.png
Elliott,5.2,3,1.0,https://resources.premierleague.com/premierleague/photos/players/110x140/p444884.png
Wataru,4.8,3,1.0,https://resources.premierleague.com/premierleague/photos/players/110x140/p158983.png
Gakpo,7.1,4,1.4,https://resources.premierleague.com/premierleague/photos/players/110x140/p243298.png
Gomez,4.8,2,1.0,https://resources.premierleague.com/premierleague/photos/players/110x140/p171287.png
Gravenberch,5.0,3,2.5,https://resources.premierleague.com/premierleague/photos/players/110x140/p441266.png
Jones,5.3,3,3.8,https://resources.premierleague.com/premierleague/photos/players/110x140/p206915.png
Kelleher,4.4,1,5.5,https://resources.premierleague.com/premierleague/photos/players/110x140/p200720.png
Konaté,5.3,2,4.8,https://resources.premierleague.com/premierleague/photos/players/110x140/p204716.png
Díaz,7.9,3,6.9,https://resources.premierleague.com/premierleague/photos/players/110x140/p244731.png
Salah,12.6,3,9.2,https://resources.premierleague.com/premierleague/photos/players/110x140/p118748.png
Mac Allister,6.2,3,1.9,https://resources.premierleague.com/premierleague/photos/players/110x140/p243016.png
McConnell,4.5,3,0.0,https://resources.premierleague.com/premierleague/photos/players/110x140/p491501.png
Morton,4.4,3,0.0,https://resources.premierleague.com/premierleague/photos/players/110x140/p440148.png
Quansah,4.0,2,1.0,https://resources.premierleague.com/premierleague/photos/players/110x140/p441428.png
Robertson,6.0,2,3.8,https://resources.premierleague.com/premierleague/photos/players/110x140/p122798.png
Szoboszlai,6.4,3,2.9,https://resources.premierleague.com/premierleague/photos/players/110x140/p424876.png
Tsimikas,4.6,2,2.2,https://resources.premierleague.com/premierleague/photos/players/110x140/p214285.png
van Dijk,6.0,2,4.8,https://resources.premierleague.com/premierleague/photos/players/110x140/p97032.png
Chiesa,6.8,3,1.0,https://resources.premierleague.com/premierleague/photos/players/110x140/p223541.png
Jaros,4.0,1,1.0,https://resources.premierleague.com/premierleague/photos/players/110x140/p432987.png
Akanji,5.5,2,2.3,https://resources.premierleague.com/premierleague/photos/players/110x140/p211975.png
Aké,5.3,2,1.0,https://resources.premierleague.com/premierleague/photos/players/110x140/p126184.png
Veiga de Carvalho e Silva,6.5,3,3.4,https://resources.premierleague.com/premierleague/photos/players/110x140/p165809.png
Bobb,4.7,3,0.0,https://resources.premierleague.com/premierleague/photos/players/110x140/p477555.png
Carson,4.0,1,0.0,https://resources.premierleague.com/premierleague/photos/players/110x140/p17601.png
De Bruyne,9.4,3,4.5,https://resources.premierleague.com/premierleague/photos/players/110x140/p61366.png
Doku,6.3,3,3.0,https://resources.premierleague.com/premierleague/photos/players/110x140/p248875.png
Santana de Moraes,5.5,1,2.9,https://resources.premierleague.com/premierleague/photos/players/110x140/p121160.png
Foden,9.2,3,1.8,https://resources.premierleague.com/premierleague/photos/players/110x140/p209244.png
Grealish,6.4,3,2.1,https://resources.premierleague.com/premierleague/photos/players/110x140/p114283.png
Gvardiol,6.1,2,4.1,https://resources.premierleague.com/premierleague/photos/players/110x140/p477424.png
Haaland,15.4,4,8.6,https://resources.premierleague.com/premierleague/photos/players/110x140/p223094.png
Kovačić,5.6,3,4.8,https://resources.premierleague.com/premierleague/photos/players/110x140/p91651.png
Lewis,4.8,2,3.3,https://resources.premierleague.com/premierleague/photos/players/110x140/p477064.png
Nunes,4.9,3,1.6,https://resources.premierleague.com/premierleague/photos/players/110x140/p465351.png
McAtee,4.7,3,1.0,https://resources.premierleague.com/premierleague/photos/players/110x140/p432714.png
Ortega Moreno,5.3,1,0.0,https://resources.premierleague.com/premierleague/photos/players/110x140/p88248.png
Hernandez,6.3,3,1.0,https://resources.premierleague.com/premierleague/photos/players/110x140/p220566.png
Gato Alves Dias,5.5,2,1.5,https://resources.premierleague.com/premierleague/photos/players/110x140/p171314.png
Stones,5.3,2,3.8,https://resources.premierleague.com/premierleague/photos/players/110x140/p97299.png
Walker,5.3,2,1.4,https://resources.premierleague.com/premierleague/photos/players/110x140/p58621.png
Moreira de Oliveira,6.5,3,3.3,https://resources.premierleague.com/premierleague/photos/players/110x140/p510281.png
O'Reilly,5.0,3,0.0,https://resources.premierleague.com/premierleague/photos/players/110x140/p472769.png
Gündogan,6.5,3,1.7,https://resources.premierleague.com/premierleague/photos/players/110x140/p59859.png
Diallo,5.0,3,3.3,https://resources.premierleague.com/premierleague/photos/players/110x140/p493250.png
dos Santos,5.7,3,1.0,https://resources.premierleague.com/premierleague/photos/players/110x140/p467169.png
Borges Fernandes,8.2,3,2.6,https://resources.premierleague.com/premierleague/photos/players/110x140/p141746.png
Bayindir,4.4,1,0.0,https://resources.premierleague.com/premierleague/photos/players/110x140/p451302.png
Casimiro,4.8,3,1.6,https://resources.premierleague.com/premierleague/photos/players/110x140/p61256.png
Dalot Teixeira,5.1,2,4.5,https://resources.premierleague.com/premierleague/photos/players/110x140/p216051.png
Eriksen,5.4,3,1.8,https://resources.premierleague.com/premierleague/photos/players/110x140/p80607.png
Evans,4.4,2,3.0,https://resources.premierleague.com/premierleague/photos/players/110x140/p37642.png
Garnacho,6.2,3,3.8,https://resources.premierleague.com/premierleague/photos/players/110x140/p493105.png
Heaton,4.0,1,0.0,https://resources.premierleague.com/premierleague/photos/players/110x140/p21205.png
Højlund,6.9,4,3.0,https://resources.premierleague.com/premierleague/photos/players/110x140/p497894.png
Lindelöf,4.3,2,0.5,https://resources.premierleague.com/premierleague/photos/players/110x140/p184667.png
Maguire,4.9,2,1.6,https://resources.premierleague.com/premierleague/photos/players/110x140/p95658.png
Mainoo,5.2,3,1.9,https://resources.premierleague.com/premierleague/photos/players/110x140/p516895.png
Malacia,4.4,2,0.0,https://resources.premierleague.com/premierleague/photos/players/110x140/p222690.png
Martínez,4.5,2,3.0,https://resources.premierleague.com/premierleague/photos/players/110x140/p221820.png
Mount,6.3,3,1.0,https://resources.premierleague.com/premierleague/photos/players/110x140/p184341.png
Onana,5.0,1,5.1,https://resources.premierleague.com/premierleague/photos/players/110x140/p202641.png
Rashford,6.9,3,3.2,https://resources.premierleague.com/premierleague/photos/players/110x140/p176297.png
Shaw,4.9,2,0.0,https://resources.premierleague.com/premierleague/photos/players/110x140/p106760.png
Zirkzee,6.7,4,2.1,https://resources.premierleague.com/premierleague/photos/players/110x140/p458249.png
Yoro,4.3,2,0.0,https://resources.premierleague.com/premierleague/photos/players/110x140/p550864.png
de Ligt,5.0,2,3.4,https://resources.premierleague.com/premierleague/photos/players/110x140/p209365.png
Mazraoui,4.6,2,3.4,https://resources.premierleague.com/premierleague/photos/players/110x140/p230001.png
Collyer,4.5,3,1.0,https://resources.premierleague.com/premierleague/photos/players/110x140/p490881.png
Wheatley,4.5,4,0.0,https://resources.premierleague.com/premierleague/photos/players/110x140/p575034.png
Ugarte,4.9,3,1.0,https://resources.premierleague.com/premierleague/photos/players/110x140/p232112.png
Fletcher,4.5,3,0.0,https://resources.premierleague.com/premierleague/photos/players/110x140/p547037.png
Murphy,4.0,2,0.0,https://resources.premierleague.com/premierleague/photos/players/110x140/p545477.png
Almirón Rejala,5.6,3,1.0,https://resources.premierleague.com/premierleague/photos/players/110x140/p179018.png
Barnes,6.5,3,4.9,https://resources.premierleague.com/premierleague/photos/players/110x140/p201666.png
Botman,4.4,2,0.0,https://resources.premierleague.com/premierleague/photos/players/110x140/p220237.png
Guimarães Rodriguez Moura,6.2,3,2.6,https://resources.premierleague.com/premierleague/photos/players/110x140/p208706.png
Burn,4.4,2,2.4,https://resources.premierleague.com/premierleague/photos/players/110x140/p78916.png
Dúbravka,4.3,1,0.0,https://resources.premierleague.com/premierleague/photos/players/110x140/p67089.png
Gordon,7.3,3,3.9,https://resources.premierleague.com/premierleague/photos/players/110x140/p232826.png
Hall,4.3,2,2.2,https://resources.premierleague.com/premierleague/photos/players/110x140/p487838.png
Hayden,4.5,3,0.0,https://resources.premierleague.com/premierleague/photos/players/110x140/p153127.png
Isak,8.3,4,3.5,https://resources.premierleague.com/premierleague/photos/players/110x140/p219168.png
Murphy,5.2,3,2.2,https://resources.premierleague.com/premierleague/photos/players/110x140/p114243.png
Apolinário de Lira,6.0,3,2.6,https://resources.premierleague.com/premierleague/photos/players/110x140/p180974.png
Kelly,4.4,2,1.6,https://resources.premierleague.com/premierleague/photos/players/110x140/p235530.png
Krafth,4.4,2,3.3,https://resources.premierleague.com/premierleague/photos/players/110x140/p111773.png
Kuol,4.5,3,0.0,https://resources.premierleague.com/premierleague/photos/players/110x140/p564510.png
Lascelles,4.5,2,0.0,https://resources.premierleague.com/premierleague/photos/players/110x140/p101148.png
Livramento,4.5,2,2.1,https://resources.premierleague.com/premierleague/photos/players/110x140/p441191.png
Longstaff,4.7,3,1.4,https://resources.premierleague.com/premierleague/photos/players/110x140/p180135.png
Miley,5.0,3,0.0,https://resources.premierleague.com/premierleague/photos/players/110x140/p547719.png
Vlachodimos,4.4,1,0.0,https://resources.premierleague.com/premierleague/photos/players/110x140/p111452.png
Pope,5.0,1,4.2,https://resources.premierleague.com/premierleague/photos/players/110x140/p98747.png
Ruddy,4.0,1,0.0,https://resources.premierleague.com/premierleague/photos/players/110x140/p19236.png
Schär,5.4,2,2.5,https://resources.premierleague.com/premierleague/photos/players/110x140/p119471.png
Targett,4.0,2,0.0,https://resources.premierleague.com/premierleague/photos/players/110x140/p169359.png
Tonali,5.5,3,1.5,https://resources.premierleague.com/premierleague/photos/players/110x140/p432422.png
Trippier,5.7,2,2.6,https://resources.premierleague.com/premierleague/photos/players/110x140/p77794.png
Willock,4.8,3,1.5,https://resources.premierleague.com/premierleague/photos/players/110x140/p200089.png
Wilson,6.9,4,0.0,https://resources.premierleague.com/premierleague/photos/players/110x140/p75115.png
Osula,5.0,4,1.0,https://resources.premierleague.com/premierleague/photos/players/110x140/p538207.png
Moreno Lopera,4.4,2,3.2,https://resources.premierleague.com/premierleague/photos/players/110x140/p106468.png
Aina,4.5,2,3.8,https://resources.premierleague.com/premierleague/photos/players/110x140/p159506.png
Anderson,5.0,3,2.4,https://resources.premierleague.com/premierleague/photos/players/110x140/p215379.png
Awoniyi,5.7,4,1.0,https://resources.premierleague.com/premierleague/photos/players/110x140/p210156.png
Boly,4.3,2,1.5,https://resources.premierleague.com/premierleague/photos/players/110x140/p90585.png
dos Santos Pereira,4.3,1,0.0,https://resources.premierleague.com/premierleague/photos/players/110x140/p475123.png
da Silva Moreira,4.5,3,0.0,https://resources.premierleague.com/premierleague/photos/players/110x140/p569014.png
dos Santos de Oliveira,4.8,3,1.0,https://resources.premierleague.com/premierleague/photos/players/110x140/p513046.png
Dennis,4.9,4,0.0,https://resources.premierleague.com/premierleague/photos/players/110x140/p230251.png
Domínguez,4.8,3,1.0,https://resources.premierleague.com/premierleague/photos/players/110x140/p250199.png
Elanga,5.2,3,1.9,https://resources.premierleague.com/premierleague/photos/players/110x140/p449434.png
Gibbs-White,6.3,3,2.8,https://resources.premierleague.com/premierleague/photos/players/110x140/p222531.png
Hudson-Odoi,5.4,3,3.1,https://resources.premierleague.com/premierleague/photos/players/110x140/p209046.png
Santiago Costa dos Santos,4.5,2,3.6,https://resources.premierleague.com/premierleague/photos/players/110x140/p575476.png
Williams,4.4,2,1.5,https://resources.premierleague.com/premierleague/photos/players/110x140/p215136.png
Omobamidele,4.3,2,0.0,https://resources.premierleague.com/premierleague/photos/players/110x140/p466404.png
Sangaré,4.4,3,1.3,https://resources.premierleague.com/premierleague/photos/players/110x140/p210462.png
Sels,4.5,1,4.6,https://resources.premierleague.com/premierleague/photos/players/110x140/p85633.png
Toffolo,4.3,2,1.0,https://resources.premierleague.com/premierleague/photos/players/110x140/p114241.png
Wood,6.3,4,5.8,https://resources.premierleague.com/premierleague/photos/players/110x140/p60689.png
Yates,4.9,3,2.2,https://resources.premierleague.com/premierleague/photos/players/110x140/p204968.png
Ward-Prowse,6.2,3,1.2,https://resources.premierleague.com/premierleague/photos/players/110x140/p101178.png
Milenković,4.5,2,4.0,https://resources.premierleague.com/premierleague/photos/players/110x140/p227444.png
Ferreira Silva,5.9,3,1.3,https://resources.premierleague.com/premierleague/photos/players/110x140/p510500.png
Sosa,5.5,3,2.2,https://resources.premierleague.com/premierleague/photos/players/110x140/p502222.png
Rodrigues da Silva,4.5,2,1.0,https://resources.premierleague.com/premierleague/photos/players/110x140/p485047.png
Ramsdale,4.4,1,2.2,https://resources.premierleague.com/premierleague/photos/players/110x140/p225321.png
Archer,5.0,4,2.6,https://resources.premierleague.com/premierleague/photos/players/110x140/p433979.png
Ugochukwu,4.5,3,1.3,https://resources.premierleague.com/premierleague/photos/players/110x140/p503714.png
Fraser,4.8,3,0.2,https://resources.premierleague.com/premierleague/photos/players/110x140/p90105.png
Amo-Ameyaw,4.5,3,1.0,https://resources.premierleague.com/premierleague/photos/players/110x140/p499724.png
Aribo,4.9,3,2.7,https://resources.premierleague.com/premierleague/photos/players/110x140/p193204.png
Armstrong,5.2,4,1.2,https://resources.premierleague.com/premierleague/photos/players/110x140/p155511.png
Bazunu,4.4,1,0.0,https://resources.premierleague.com/premierleague/photos/players/110x140/p456350.png
Bednarek,4.0,2,1.1,https://resources.premierleague.com/premierleague/photos/players/110x140/p171771.png
Bella-Kotchap,3.9,2,0.0,https://resources.premierleague.com/premierleague/photos/players/110x140/p477386.png
Bree,4.0,2,0.0,https://resources.premierleague.com/premierleague/photos/players/110x140/p184386.png
Edwards,3.9,2,0.0,https://resources.premierleague.com/premierleague/photos/players/110x140/p500926.png
Harwood-Bellis,4.0,2,1.8,https://resources.premierleague.com/premierleague/photos/players/110x140/p245719.png
Sulemana,5.0,3,1.0,https://resources.premierleague.com/premierleague/photos/players/110x140/p504783.png
Lallana,5.0,3,2.2,https://resources.premierleague.com/premierleague/photos/players/110x140/p39155.png
Larios López,4.0,2,0.0,https://resources.premierleague.com/premierleague/photos/players/110x140/p515571.png
Lumley,4.0,1,0.0,https://resources.premierleague.com/premierleague/photos/players/110x140/p167888.png
Manning,4.3,2,2.0,https://resources.premierleague.com/premierleague/photos/players/110x140/p204863.png
McCarthy,4.4,1,3.0,https://resources.premierleague.com/premierleague/photos/players/110x140/p58376.png
Onuachu,4.9,4,1.0,https://resources.premierleague.com/premierleague/photos/players/110x140/p147611.png
Smallbone,5.0,3,1.5,https://resources.premierleague.com/premierleague/photos/players/110x140/p214466.png
Stephens,4.0,2,0.5,https://resources.premierleague.com/premierleague/photos/players/110x140/p88900.png
Stewart,4.6,4,0.8,https://resources.premierleague.com/premierleague/photos/players/110x140/p230348.png
Yukinari,4.5,2,2.4,https://resources.premierleague.com/premierleague/photos/players/110x140/p219279.png
Taylor,4.0,2,1.0,https://resources.premierleague.com/premierleague/photos/players/110x140/p103914.png
Walker-Peters,4.4,2,1.7,https://resources.premierleague.com/premierleague/photos/players/110x140/p158534.png
Wood-Gordon,4.0,2,0.0,https://resources.premierleague.com/premierleague/photos/players/110x140/p244845.png
Cornet,4.8,3,0.5,https://resources.premierleague.com/premierleague/photos/players/110x140/p149519.png
Downes,4.9,3,1.6,https://resources.premierleague.com/premierleague/photos/players/110x140/p220585.png
Brereton Díaz,5.1,3,1.5,https://resources.premierleague.com/premierleague/photos/players/110x140/p204814.png
Dibling,4.6,3,2.4,https://resources.premierleague.com/premierleague/photos/players/110x140/p496661.png
Espanha Fernandes,5.0,3,2.0,https://resources.premierleague.com/premierleague/photos/players/110x140/p551226.png
Solanke-Mitchell,7.7,4,3.8,https://resources.premierleague.com/premierleague/photos/players/110x140/p154566.png
Austin,4.0,1,0.0,https://resources.premierleague.com/premierleague/photos/players/110x140/p214572.png
Bentancur,5.0,3,1.4,https://resources.premierleague.com/premierleague/photos/players/110x140/p202993.png
Bergvall,4.5,3,1.0,https://resources.premierleague.com/premierleague/photos/players/110x140/p570526.png
Bissouma,4.9,3,4.2,https://resources.premierleague.com/premierleague/photos/players/110x140/p227127.png
Davies,4.4,2,0.0,https://resources.premierleague.com/premierleague/photos/players/110x140/p115556.png
Drăgușin,4.3,2,1.0,https://resources.premierleague.com/premierleague/photos/players/110x140/p493125.png
Forster,4.4,1,0.0,https://resources.premierleague.com/premierleague/photos/players/110x140/p40383.png
Gray,4.7,3,1.0,https://resources.premierleague.com/premierleague/photos/players/110x140/p547701.png
Johnson,6.7,3,4.8,https://resources.premierleague.com/premierleague/photos/players/110x140/p242898.png
Kulusevski,6.2,3,4.1,https://resources.premierleague.com/premierleague/photos/players/110x140/p445044.png
Maddison,7.6,3,5.4,https://resources.premierleague.com/premierleague/photos/players/110x140/p172780.png
Porro,5.5,2,3.5,https://resources.premierleague.com/premierleague/photos/players/110x140/p441164.png
Reguilón,4.3,2,0.0,https://resources.premierleague.com/premierleague/photos/players/110x140/p199249.png
de Andrade,6.8,4,1.0,https://resources.premierleague.com/premierleague/photos/players/110x140/p212319.png
Romero,5.1,2,3.8,https://resources.premierleague.com/premierleague/photos/players/110x140/p221632.png
Sarr,4.9,3,1.8,https://resources.premierleague.com/premierleague/photos/players/110x140/p482442.png
Heung-min,9.9,3,6.8,https://resources.premierleague.com/premierleague/photos/players/110x140/p85971.png
Spence,4.4,2,0.7,https://resources.premierleague.com/premierleague/photos/players/110x140/p232859.png
Udogie,4.9,2,2.2,https://resources.premierleague.com/premierleague/photos/players/110x140/p487053.png
van de Ven,4.7,2,3.7,https://resources.premierleague.com/premierleague/photos/players/110x140/p491279.png
Vicario,5.0,1,2.9,https://resources.premierleague.com/premierleague/photos/players/110x140/p184254.png
Werner,6.2,3,2.0,https://resources.premierleague.com/premierleague/photos/players/110x140/p165153.png
Whiteman,4.0,1,0.0,https://resources.premierleague.com/premierleague/photos/players/110x140/p175941.png
Lankshear,4.5,4,0.0,https://resources.premierleague.com/premierleague/photos/players/110x140/p552427.png
Moore,4.5,3,1.0,https://resources.premierleague.com/premierleague/photos/players/110x140/p499721.png
Odobert,5.3,3,2.0,https://resources.premierleague.com/premierleague/photos/players/110x140/p550839.png
Wan-Bissaka,4.4,2,1.3,https://resources.premierleague.com/premierleague/photos/players/110x140/p214590.png
Álvarez Velázquez,5.0,3,1.0,https://resources.premierleague.com/premierleague/photos/players/110x140/p213999.png
Antonio,5.4,4,4.0,https://resources.premierleague.com/premierleague/photos/players/110x140/p57531.png
Areola,4.4,1,1.9,https://resources.premierleague.com/premierleague/photos/players/110x140/p84182.png
Bowen,7.4,3,4.8,https://resources.premierleague.com/premierleague/photos/players/110x140/p178186.png
Coufal,4.4,2,2.2,https://resources.premierleague.com/premierleague/photos/players/110x140/p164555.png
Cresswell,4.0,2,1.0,https://resources.premierleague.com/premierleague/photos/players/110x140/p55459.png
Palmieri dos Santos,4.4,2,1.4,https://resources.premierleague.com/premierleague/photos/players/110x140/p109533.png
Fabiański,4.0,1,1.0,https://resources.premierleague.com/premierleague/photos/players/110x140/p37096.png
Foderingham,4.4,1,0.0,https://resources.premierleague.com/premierleague/photos/players/110x140/p82143.png
Ings,5.0,4,3.3,https://resources.premierleague.com/premierleague/photos/players/110x140/p84939.png
Kilman,4.5,2,2.2,https://resources.premierleague.com/premierleague/photos/players/110x140/p214048.png
Kudus,6.3,3,2.9,https://resources.premierleague.com/premierleague/photos/players/110x140/p460842.png
Lira dos Santos,4.8,3,1.0,https://resources.premierleague.com/premierleague/photos/players/110x140/p577114.png
Tolentino Coelho de Lima,5.9,3,3.1,https://resources.premierleague.com/premierleague/photos/players/110x140/p224024.png
Mavropanos,4.5,2,2.1,https://resources.premierleague.com/premierleague/photos/players/110x140/p233963.png
Souček,5.0,3,3.5,https://resources.premierleague.com/premierleague/photos/players/110x140/p215439.png
Irving,4.9,3,0.5,https://resources.premierleague.com/premierleague/photos/players/110x140/p229384.png
Summerville,5.7,3,1.0,https://resources.premierleague.com/premierleague/photos/players/110x140/p450070.png
Rodríguez,4.9,3,1.8,https://resources.premierleague.com/premierleague/photos/players/110x140/p197024.png
Füllkrug,6.7,4,1.0,https://resources.premierleague.com/premierleague/photos/players/110x140/p91889.png
Todibo,4.4,2,1.2,https://resources.premierleague.com/premierleague/photos/players/110x140/p462116.png
Casey,4.0,2,0.0,https://resources.premierleague.com/premierleague/photos/players/110x140/p518438.png
Soler,5.0,3,0.4,https://resources.premierleague.com/premierleague/photos/players/110x140/p224860.png
Johnstone,4.4,1,2.0,https://resources.premierleague.com/premierleague/photos/players/110x140/p101982.png
Aït-Nouri,4.4,2,2.9,https://resources.premierleague.com/premierleague/photos/players/110x140/p448514.png
Traoré,4.8,3,0.0,https://resources.premierleague.com/premierleague/photos/players/110x140/p476502.png
Bellegarde,5.0,3,2.6,https://resources.premierleague.com/premierleague/photos/players/110x140/p231057.png
Bentley,4.0,1,0.0,https://resources.premierleague.com/premierleague/photos/players/110x140/p79602.png
Chiwome,4.5,4,0.0,https://resources.premierleague.com/premierleague/photos/players/110x140/p589507.png
Cundle,4.5,3,0.0,https://resources.premierleague.com/premierleague/photos/players/110x140/p245923.png
Santos Carneiro Da Cunha,6.5,4,4.0,https://resources.premierleague.com/premierleague/photos/players/110x140/p430871.png
Dawson,4.4,2,0.9,https://resources.premierleague.com/premierleague/photos/players/110x140/p60232.png
Doherty,4.4,2,0.5,https://resources.premierleague.com/premierleague/photos/players/110x140/p87835.png
Doyle,4.8,3,1.0,https://resources.premierleague.com/premierleague/photos/players/110x140/p220394.png
González,4.5,3,0.0,https://resources.premierleague.com/premierleague/photos/players/110x140/p593001.png
Ganchinho Guedes,5.3,3,1.0,https://resources.premierleague.com/premierleague/photos/players/110x140/p181284.png
Hee-chan,6.1,3,1.2,https://resources.premierleague.com/premierleague/photos/players/110x140/p184754.png
Gomes da Silva,4.9,3,1.4,https://resources.premierleague.com/premierleague/photos/players/110x140/p448089.png
Malheiro de Sá,4.3,1,1.0,https://resources.premierleague.com/premierleague/photos/players/110x140/p149065.png
Kalajdžić,4.9,4,0.0,https://resources.premierleague.com/premierleague/photos/players/110x140/p429414.png
King,4.0,1,0.0,https://resources.premierleague.com/premierleague/photos/players/110x140/p138001.png
Lemina,5.0,3,3.2,https://resources.premierleague.com/premierleague/photos/players/110x140/p151086.png
Mosquera,4.0,2,0.6,https://resources.premierleague.com/premierleague/photos/players/110x140/p501837.png
Cabral Semedo,4.5,2,1.5,https://resources.premierleague.com/premierleague/photos/players/110x140/p200402.png
Cardoso de Lima,4.0,2,0.0,https://resources.premierleague.com/premierleague/photos/players/110x140/p641221.png
Martins Gomes,5.2,3,1.3,https://resources.premierleague.com/premierleague/photos/players/110x140/p483081.png
Bueno,4.3,2,0.7,https://resources.premierleague.com/premierleague/photos/players/110x140/p231480.png
Sarabia,5.1,3,1.0,https://resources.premierleague.com/premierleague/photos/players/110x140/p88484.png
Strand Larsen,5.5,4,4.2,https://resources.premierleague.com/premierleague/photos/players/110x140/p247412.png
Gomes,4.3,2,0.7,https://resources.premierleague.com/premierleague/photos/players/110x140/p510362.png
Meupiyou,4.0,2,0.0,https://resources.premierleague.com/premierleague/photos/players/110x140/p560248.png
Trindade da Costa Neto,5.0,3,1.2,https://resources.premierleague.com/premierleague/photos/players/110x140/p509291.png
Forbs Borges,5.5,3,0.8,https://resources.premierleague.com/premierleague/photos/players/110x140/p463212.png
Pond,4.0,2,0.0,https://resources.premierleague.com/premierleague/photos/players/110x140/p517179.png
